{"cameraMode":{"drawMode":0,"name":"Shaded","section":"Shading Mode"},"sceneLighting":true,"audioPlay":false,"sceneViewState":{"showFog":true,"showMaterialUpdate":true,"showSkybox":true,"showFlares":true,"showImageEffects":true,"showParticleSystems":true},"in2DMode":false,"pivot":{"x":2.2899999618530275,"y":0.9702011942863464,"z":-3.680000066757202},"rotation":{"x":0.0053326962515711788,"y":0.9372580647468567,"z":-0.01435017865151167,"w":0.3483004570007324},"size":8.260749816894532,"orthographic":false}